Fold,AUC,Acurácia,Precisão,Recall,F1 Score
1,0.5511728981986416,0.5304599451720987,0.5484184914841849,0.3433881779402803,0.4223346449316095
2,0.5286198315964552,0.511727078891258,0.5323176361957526,0.344590555887627,0.4183599419448476
3,0.5227127077057058,0.5085287846481876,0.5139398385913426,0.42415985467756584,0.4647536904959363
4,0.5283477902918474,0.5304599451720987,0.49287169042769857,0.3969816272965879,0.43976013083772486
5,0.5303486390761493,0.5188851660067012,0.49321739130434783,0.4544871794871795,0.47306088407005836
6,0.5397006898746153,0.5434054218702407,0.4973821989528796,0.2860488457678153,0.36321155480033984
